<?xml version="1.0" encoding="UTF-8"?>
<project xmlns="http://www.netbeans.org/ns/project/1">
    <type>org.netbeans.modules.ant.freeform</type>
    <configuration>
        <general-data xmlns="http://www.netbeans.org/ns/freeform-project/1">
            <!--Do not use Project Properties customizer when editing this file manually.-->
            <name>P2PSockets</name>
            <properties/>
            <folders>
                <source-folder>
                    <label>src/java</label>
                    <type>java</type>
                    <location>src/java</location>
                </source-folder>
                <source-folder>
                    <label>src/tests</label>
                    <type>java</type>
                    <location>src/tests</location>
                </source-folder>
            </folders>
            <ide-actions>
                <action name="build">
                    <target>core-jar</target>
                </action>
                <action name="clean">
                    <target>clobber</target>
                </action>
                <action name="javadoc">
                    <target>javadoc</target>
                </action>
                <action name="run">
                    <target>example-clientsocket-run</target>
                </action>
                <action name="test">
                    <target>build-tests</target>
                </action>
                <action name="rebuild">
                    <target>clobber</target>
                    <target>core-jar</target>
                </action>
            </ide-actions>
            <export>
                <type>jar</type>
                <location>dist/lib/p2psockets-core.jar</location>
                <build-target>core-jar</build-target>
            </export>
            <view>
                <items>
                    <source-folder style="packages">
                        <label>src/java</label>
                        <location>src/java</location>
                    </source-folder>
                    <source-folder style="packages">
                        <label>src/tests</label>
                        <location>src/tests</location>
                    </source-folder>
                    <source-file>
                        <location>build.xml</location>
                    </source-file>
                </items>
                <context-menu>
                    <ide-action name="build"/>
                    <ide-action name="clean"/>
                    <ide-action name="javadoc"/>
                    <ide-action name="run"/>
                    <ide-action name="test"/>
                    <ide-action name="rebuild"/>
                </context-menu>
            </view>
            <subprojects/>
        </general-data>
        <java-data xmlns="http://www.netbeans.org/ns/freeform-project-java/1">
            <compilation-unit>
                <package-root>src/java</package-root>
                <classpath mode="compile">lib/ant-contrib-0.6.jar:lib/ant.jar:lib/apache-xmlrpc.jar:lib/bcprov-jdk14.jar:lib/commons-httpclient.jar:lib/commons-logging.jar:lib/cryptix-asn1.jar:lib/cryptix32.jar:lib/gnu-regexp.jar:lib/httpclient2-0-beta2.jar:lib/jasper-compiler.jar:lib/jasper-runtime.jar:lib/javax.servlet.jar:lib/jaxen-core.jar:lib/jaxen-jdom.jar:lib/jcert.jar:lib/jdom.jar:lib/jmxri.jar:lib/jmxtools.jar:lib/jnet.jar:lib/jogg-0.0.5.jar:lib/jorbis-0.0.12.jar:lib/jsp-api.jar:lib/jsse.jar:lib/junit.jar:lib/jxl.jxta.jar:lib/jxta.jar:lib/jxtacms.jar:lib/jxtaext.jar:lib/jxtaptls.jar:lib/jxtasecurity.jar:lib/jxtashell.jar:lib/log4j.jar:lib/org.mortbay.jetty.jar:lib/p2psockets-ant-custom.jar:lib/saxpath.jar:lib/servlet-api.jar:lib/xercesImpl.jar:lib/xml-apis.jar:lib/xmlParserAPIs.jar</classpath>
                <built-to>dist/lib/p2psockets-core.jar</built-to>
                <source-level>1.5</source-level>
            </compilation-unit>
            <compilation-unit>
                <package-root>src/tests</package-root>
                <source-level>1.5</source-level>
            </compilation-unit>
        </java-data>
    </configuration>
</project>
